{"0": {"grasp": {"index": 0, "pose": [460.4068024413627, 583.982741670375, 0.31090978499102695], "estimated_reward": -1, "step": 0, "reward": 0}, "place": {"index": 1, "pose": [69.12814594891887, 182.52483747996294, -1.0464741926739989], "estimated_reward": -1, "step": 0, "reward": 0}}, "1": {"grasp": {"index": 1, "pose": [210.11660111719038, 474.60016772217523, 0.929039423826516], "estimated_reward": -1, "step": 0, "reward": 0}, "place": {"index": 1, "pose": [103.84016520441732, 243.21118177987645, -1.1452552019066466], "estimated_reward": -1, "step": 0, "reward": 0}}, "2": {"grasp": {"index": 0, "pose": [381.6246233747128, 422.80523858881537, -1.4076835618427095], "estimated_reward": -1, "step": 0, "reward": 0}, "place": {"index": 1, "pose": [278.0032014510526, 304.966173090301, 0.536246361615623], "estimated_reward": -1, "step": 0, "reward": 0}}, "3": {"grasp": {"index": 0, "pose": [222.85328959964596, 96.28439434289048, -0.8548175240454716], "estimated_reward": -1, "step": 0, "reward": 0}, "place": {"index": 2, "pose": [90.19525113794353, 573.2045120666038, 0.5460527701324862], "estimated_reward": -1, "step": 0, "reward": 0}}, "4": {"grasp": {"index": 1, "pose": [204.69908769494526, 495.37715409487237, -0.20827316433003418], "estimated_reward": -1, "step": 0, "reward": 0}, "place": {"index": 2, "pose": [446.4719328627469, 338.69961445428544, -0.841064155146604], "estimated_reward": -1, "step": 0, "reward": 0}}, "5": {"grasp": {"index": 1, "pose": [377.8272022209188, 43.59672620664385, 0.9391740759664957], "estimated_reward": -1, "step": 0, "reward": 0}, "place": {"index": 0, "pose": [98.4993554424784, 195.57336128703452, -1.3860003371289544], "estimated_reward": -1, "step": 0, "reward": 0}}, "6": {"grasp": {"index": 0, "pose": [22.921083503338284, 556.132593602951, 0.8142271014850153], "estimated_reward": -1, "step": 0, "reward": 0}, "place": {"index": 2, "pose": [415.4299756655174, 118.15622702227547, 0.9560435644153671], "estimated_reward": -1, "step": 0, "reward": 0}}, "7": {"grasp": {"index": 0, "pose": [174.2742614236511, 519.5442908997206, 0.7771462555248667], "estimated_reward": -1, "step": 0, "reward": 0}, "place": {"index": 1, "pose": [242.4084428757339, 171.398624476528, 0.2943541959382461], "estimated_reward": -1, "step": 0, "reward": 0}}, "8": {"grasp": {"index": 0, "pose": [316.25549297953927, 11.18385047549002, 0.9412326390991121], "estimated_reward": -1, "step": 0, "reward": 0}, "place": {"index": 0, "pose": [0.6754235761212435, 670.7839257130789, 1.3315161252797356], "estimated_reward": -1, "step": 0, "reward": 0}}, "9": {"grasp": {"index": 0, "pose": [316.0401540428433, 410.39452522816737, -1.0944707572819374], "estimated_reward": -1, "step": 0, "reward": 0}, "place": {"index": 1, "pose": [76.19902836103564, 270.4338335531457, -0.2395814264430023], "estimated_reward": -1, "step": 0, "reward": 0}}, "10": {"grasp": {"index": 0, "pose": [84.45588399440621, 305.0822235129628, -0.17597437035157304], "estimated_reward": -1, "step": 0, "reward": 0}, "place": {"index": 2, "pose": [30.424142796416564, 653.1006653960889, 0.8380648484676074], "estimated_reward": -1, "step": 0, "reward": 0}}, "11": {"grasp": {"index": 2, "pose": [420.36176035996914, 709.8539014131026, 0.24211686098823937], "estimated_reward": -1, "step": 0, "reward": 0}, "place": {"index": 2, "pose": [206.00173305953734, 540.726398821317, -0.6259752402378737], "estimated_reward": -1, "step": 0, "reward": 0}}, "12": {"grasp": {"index": 2, "pose": [447.99311975300884, 525.0146754767034, -0.009185155133536238], "estimated_reward": -1, "step": 0, "reward": 0}, "place": {"index": 2, "pose": [111.65795683913815, 59.62736287283284, 1.427897803023245], "estimated_reward": -1, "step": 0, "reward": 0}}, "13": {"grasp": {"index": 1, "pose": [224.68964064541726, 445.59041337160653, 0.9574346632383963], "estimated_reward": -1, "step": 0, "reward": 0}, "place": {"index": 0, "pose": [335.37435172321653, 94.00619246638985, 1.1795811091070756], "estimated_reward": -1, "step": 0, "reward": 0}}, "14": {"grasp": {"index": 2, "pose": [470.6070051883668, 636.5008700649113, 1.0122652644871084], "estimated_reward": -1, "step": 0, "reward": 0}, "place": {"index": 1, "pose": [202.46950270153815, 236.6760534577463, -1.1387878905646873], "estimated_reward": -1, "step": 0, "reward": 0}}, "15": {"grasp": {"index": 0, "pose": [169.01142261175832, 525.034928754264, -0.13347746387024384], "estimated_reward": -1, "step": 0, "reward": 0}, "place": {"index": 1, "pose": [238.90741980733662, 47.14652657063198, -0.8535940425818365], "estimated_reward": -1, "step": 0, "reward": 0}}, "16": {"grasp": {"index": 0, "pose": [110.09345323256782, 321.12899180352014, 0.8422970485688475], "estimated_reward": -1, "step": 0, "reward": 0}, "place": {"index": 1, "pose": [160.99161150864472, 264.59285028713094, 1.3664929809911026], "estimated_reward": -1, "step": 0, "reward": 0}}, "17": {"grasp": {"index": 0, "pose": [362.8112998242328, 440.7236686106584, -1.46386026340857], "estimated_reward": -1, "step": 0, "reward": 0}, "place": {"index": 2, "pose": [226.08725270441255, 454.4568157595118, -1.1268656754159616], "estimated_reward": -1, "step": 0, "reward": 0}}, "18": {"grasp": {"index": 2, "pose": [454.7970530697016, 387.1092461544131, -0.033772108119049626], "estimated_reward": -1, "step": 0, "reward": 0}, "place": {"index": 0, "pose": [261.1394392899586, 691.8073827210081, 1.1890034807058023], "estimated_reward": -1, "step": 0, "reward": 0}}, "19": {"grasp": {"index": 0, "pose": [471.04409650708885, 555.0103197083914, -0.019376001030066536], "estimated_reward": -1, "step": 0, "reward": 0}, "place": {"index": 0, "pose": [78.69160846976088, 579.2789719265827, -0.32761747405663333], "estimated_reward": -1, "step": 0, "reward": 0}}, "20": {"grasp": {"index": 2, "pose": [209.6166798668742, 299.91688136246427, 0.36354173364634823], "estimated_reward": -1, "step": 0, "reward": 0}, "place": {"index": 1, "pose": [158.60493480810248, 208.50245740114025, -1.3237037328580086], "estimated_reward": -1, "step": 0, "reward": 0}}, "21": {"grasp": {"index": 1, "pose": [479.09866644364547, 266.6834222124868, 1.357683103993124], "estimated_reward": -1, "step": 0, "reward": 0}, "place": {"index": 2, "pose": [265.03316692382765, 211.57749066850684, 0.0952755577569], "estimated_reward": -1, "step": 0, "reward": 0}}, "22": {"grasp": {"index": 2, "pose": [478.95988805329563, 225.31104741611287, -1.0933325329846393], "estimated_reward": -1, "step": 0, "reward": 0}, "place": {"index": 1, "pose": [155.8418005933075, 214.83160378452635, -0.4224934371066351], "estimated_reward": -1, "step": 0, "reward": 0}}, "23": {"grasp": {"index": 1, "pose": [21.5066366825382, 124.77409482703088, 0.879923487664044], "estimated_reward": -1, "step": 0, "reward": 0}, "place": {"index": 0, "pose": [114.58904779128518, 390.7774394566517, -0.2858190790721695], "estimated_reward": -1, "step": 0, "reward": 0}}, "24": {"grasp": {"index": 0, "pose": [157.8287891232897, 669.7551910217283, 0.5942020049330758], "estimated_reward": -1, "step": 0, "reward": 0}, "place": {"index": 2, "pose": [440.01014894039156, 444.29005704889784, 0.09154558272994606], "estimated_reward": -1, "step": 0, "reward": 0}}, "25": {"grasp": {"index": 2, "pose": [328.30082615816497, 294.2134168554309, 0.46702099715307255], "estimated_reward": -1, "step": 0, "reward": 0}, "place": {"index": 0, "pose": [182.26943747409797, 227.87561990572885, 1.2477950724038793], "estimated_reward": -1, "step": 0, "reward": 0}}}