{"0": {"grasp": {"index": 1, "pose": [61.16103302710515, 594.2533073850593, -1.3698871903389753], "estimated_reward": -1, "step": 0, "reward": 0}}, "1": {"grasp": {"index": 2, "pose": [69.06602357061954, 51.36309717726619, 1.007923301789352], "estimated_reward": -1, "step": 0, "reward": 0}}, "2": {"grasp": {"index": 2, "pose": [219.37207395259503, 68.88515106687458, -0.1504082329557377], "estimated_reward": -1, "step": 0, "reward": 0}}, "3": {"grasp": {"index": 1, "pose": [143.96959848908483, 336.5427594550121, -1.194347424177248], "estimated_reward": -1, "step": 0, "reward": 0}}, "4": {"grasp": {"index": 0, "pose": [190.1287377265102, 668.4557162656204, -0.7031660488776267], "estimated_reward": -1, "step": 0, "reward": 0}}, "5": {"grasp": {"index": 1, "pose": [344.6919911499691, 182.15779828961652, 1.2560656017975789], "estimated_reward": -1, "step": 0, "reward": 0}}, "6": {"grasp": {"index": 2, "pose": [47.37294797600538, 405.476040921735, 1.338319112235903], "estimated_reward": -1, "step": 0, "reward": 0}}, "7": {"grasp": {"index": 2, "pose": [101.57876180561223, 160.84027884908187, 0.40594412613254494], "estimated_reward": -1, "step": 0, "reward": 0}}, "8": {"grasp": {"index": 1, "pose": [97.76662424605178, 673.6782543307463, -1.3370097506899397], "estimated_reward": -1, "step": 0, "reward": 0}}, "9": {"grasp": {"index": 2, "pose": [243.6699284345709, 148.91182606925872, 0.09339162077559338], "estimated_reward": -1, "step": 0, "reward": 0}}, "10": {"grasp": {"index": 0, "pose": [340.0895789509189, 289.2986723910904, 0.7529478015141673], "estimated_reward": -1, "step": 0, "reward": 0}}, "11": {"grasp": {"index": 0, "pose": [280.5502344152091, 522.6718146997118, -1.3641975289078447], "estimated_reward": -1, "step": 0, "reward": 0}}, "12": {"grasp": {"index": 1, "pose": [362.6644492943557, 736.7886746714516, 0.5850263880073534], "estimated_reward": -1, "step": 0, "reward": 0}}, "13": {"grasp": {"index": 2, "pose": [267.0590102933345, 169.58045751512287, 0.09348922020302308], "estimated_reward": -1, "step": 0, "reward": 0}}, "14": {"grasp": {"index": 2, "pose": [361.0877325666502, 471.8855740188108, -0.6846445787311882], "estimated_reward": -1, "step": 0, "reward": 0}}, "15": {"grasp": {"index": 0, "pose": [357.23995081878525, 657.3377941834423, 1.2994999453145404], "estimated_reward": -1, "step": 0, "reward": 0}}, "16": {"grasp": {"index": 2, "pose": [265.5491439179126, 517.3017247947315, 1.3056317497463485], "estimated_reward": -1, "step": 0, "reward": 0}}, "17": {"grasp": {"index": 0, "pose": [72.32833031324982, 350.2552840913603, 0.7690255199131375], "estimated_reward": -1, "step": 0, "reward": 0}}, "18": {"grasp": {"index": 2, "pose": [429.7035950313666, 443.47780262463806, 1.3340564595373237], "estimated_reward": -1, "step": 0, "reward": 0}}, "19": {"grasp": {"index": 0, "pose": [435.4216471173889, 513.4169510065833, -0.5862213654696652], "estimated_reward": -1, "step": 0, "reward": 0}}, "20": {"grasp": {"index": 1, "pose": [131.29535717710687, 430.8081501113809, 1.1323042204340714], "estimated_reward": -1, "step": 0, "reward": 0}}, "21": {"grasp": {"index": 1, "pose": [9.585425713401776, 448.8894333982319, 1.2421173870059996], "estimated_reward": -1, "step": 0, "reward": 0}}, "22": {"grasp": {"index": 0, "pose": [194.89201607220502, 497.79149967641933, 0.46444757412625925], "estimated_reward": -1, "step": 0, "reward": 0}}, "23": {"grasp": {"index": 1, "pose": [113.67372983802986, 42.27758604087296, -0.3795472509403217], "estimated_reward": -1, "step": 0, "reward": 0}}, "24": {"grasp": {"index": 2, "pose": [352.85500638148204, 677.0533089912036, 0.34222091707681956], "estimated_reward": -1, "step": 0, "reward": 0}}, "25": {"grasp": {"index": 1, "pose": [403.1121861462365, 58.59541045358104, 0.9615078540318946], "estimated_reward": -1, "step": 0, "reward": 0}}, "26": {"grasp": {"index": 2, "pose": [293.28252905121394, 693.709016293234, -0.9169540049849569], "estimated_reward": -1, "step": 0, "reward": 0}}, "27": {"grasp": {"index": 2, "pose": [444.212980394744, 67.90271932564539, 1.4817872695871581], "estimated_reward": -1, "step": 0, "reward": 0}}, "28": {"grasp": {"index": 0, "pose": [431.1962231876166, 170.52029746296068, -0.9654342312451569], "estimated_reward": -1, "step": 0, "reward": 0}}, "29": {"grasp": {"index": 0, "pose": [240.1659620823592, 643.4458203564415, 0.19671929905404517], "estimated_reward": -1, "step": 0, "reward": 0}}, "30": {"grasp": {"index": 0, "pose": [45.767908834273456, 701.1245851106934, -1.4635873804861013], "estimated_reward": -1, "step": 0, "reward": 0}}, "31": {"grasp": {"index": 2, "pose": [4.1642664499435185, 710.149036832191, 1.477057037247532], "estimated_reward": -1, "step": 0, "reward": 0}}, "32": {"grasp": {"index": 0, "pose": [459.2444550695776, 233.35984718686274, -1.1683232504618624], "estimated_reward": -1, "step": 0, "reward": 0}}, "33": {"grasp": {"index": 1, "pose": [451.0056836769769, 417.70091313934375, 0.9298932742102357], "estimated_reward": -1, "step": 0, "reward": 0}}, "34": {"grasp": {"index": 2, "pose": [480.1774225093614, 428.25301808218813, -0.26600223603419826], "estimated_reward": -1, "step": 0, "reward": 0}}, "35": {"grasp": {"index": 2, "pose": [392.007688043278, 280.4911777278151, -0.21008009237542424], "estimated_reward": -1, "step": 0, "reward": 0}}, "36": {"grasp": {"index": 1, "pose": [466.92908463692265, 89.85637754449064, 1.4293690809687876], "estimated_reward": -1, "step": 0, "reward": 0}}, "37": {"grasp": {"index": 2, "pose": [381.06727320147013, 517.536848629463, 1.4142008297378537], "estimated_reward": -1, "step": 0, "reward": 0}}, "38": {"grasp": {"index": 1, "pose": [358.3480758957992, 480.23410442054023, 0.78523020892196], "estimated_reward": -1, "step": 0, "reward": 0}}, "39": {"grasp": {"index": 2, "pose": [304.7653005056282, 509.50050039219934, 1.2375401337264114], "estimated_reward": -1, "step": 0, "reward": 0}}, "40": {"grasp": {"index": 0, "pose": [449.63686042431186, 644.9472729255862, 0.8781780203703038], "estimated_reward": -1, "step": 0, "reward": 0}}, "41": {"grasp": {"index": 2, "pose": [46.85034799303636, 626.9666811865344, -0.33560570499058473], "estimated_reward": -1, "step": 0, "reward": 0}}, "42": {"grasp": {"index": 1, "pose": [321.28896082946113, 423.0005821131502, 0.21573185307824572], "estimated_reward": -1, "step": 0, "reward": 0}}, "43": {"grasp": {"index": 1, "pose": [367.94138264676843, 207.3399069783694, -1.0983539190818727], "estimated_reward": -1, "step": 0, "reward": 0}}, "44": {"grasp": {"index": 1, "pose": [126.12993899738765, 254.46153263971763, 0.14881910386544206], "estimated_reward": -1, "step": 0, "reward": 0}}, "45": {"grasp": {"index": 2, "pose": [98.56476925832521, 462.50109806080144, -1.0364542244973942], "estimated_reward": -1, "step": 0, "reward": 0}}, "46": {"grasp": {"index": 1, "pose": [215.91764695583026, 170.46678600466228, -1.1768456936578446], "estimated_reward": -1, "step": 0, "reward": 0}}, "47": {"grasp": {"index": 2, "pose": [257.4136931157611, 228.8545703982714, -1.4807063749712919], "estimated_reward": -1, "step": 0, "reward": 0}}, "48": {"grasp": {"index": 0, "pose": [169.08709857199443, 125.39247612491036, -0.19288905558939562], "estimated_reward": -1, "step": 0, "reward": 0}}}